{
  "version": 1,
  "author": "Minh Tuan Vu",
  "editor": "wokwi",
  "parts": [
    { "type": "wokwi-arduino-uno", "id": "uno", "top": 32, "left": -138.67, "attrs": {} },
    {
      "type": "wokwi-dht22",
      "id": "dht1",
      "top": -149.04,
      "left": 223.66,
      "attrs": { "temperature": "36.1", "humidity": "55" }
    },
    {
      "type": "board-esp-01",
      "id": "esp1",
      "top": -202.87,
      "left": -41.18,
      "rotate": 270,
      "attrs": {}
    }
  ],
  "connections": [
    [ "uno:5V", "dht1:VCC", "red", [ "v0" ] ],
    [ "uno:GND.2", "dht1:GND", "black", [ "v18.28", "h241.42", "v-275.92" ] ],
    [ "uno:7", "dht1:SDA", "gold", [ "v-45.91", "h195.73" ] ],
    [ "esp1:RX", "uno:3", "orange", [ "h112.52", "v163.36", "h-26.37" ] ],
    [ "esp1:TX", "uno:2", "orange", [ "v29.33", "h109.07" ] ],
    [ "esp1:GND", "uno:GND.1", "black", [ "h-51.62", "v107.91", "h35.47" ] ],
    [ "uno:3.3V", "esp1:VCC", "red", [ "v0" ] ],
    [ "esp1:CH_PD", "uno:3.3V", "red", [ "h0" ] ]
  ]
}